<?xml version="1.0" encoding="UTF-8"?>
<problems>
  <problem>
    <file>file://$PROJECT_DIR$/app/src/main/res/values/strings.xml</file>
    <line>30</line>
    <entry_point TYPE="file" FQNAME="file://$PROJECT_DIR$/app/src/main/res/values/strings.xml" />
    <problem_class severity="WARNING" attribute_key="WARNING_ATTRIBUTES">Unused resources</problem_class>
    <hints />
    <description>&lt;html&gt;The resource &lt;code&gt;R.string.action_login&lt;/code&gt; appears to be unused&lt;/html&gt;</description>
  </problem>
  <problem>
    <file>file://$PROJECT_DIR$/app/src/main/res/values/strings.xml</file>
    <line>9</line>
    <entry_point TYPE="file" FQNAME="file://$PROJECT_DIR$/app/src/main/res/values/strings.xml" />
    <problem_class severity="WARNING" attribute_key="WARNING_ATTRIBUTES">Unused resources</problem_class>
    <hints />
    <description>&lt;html&gt;The resource &lt;code&gt;R.string.action_register&lt;/code&gt; appears to be unused&lt;/html&gt;</description>
  </problem>
  <problem>
    <file>file://$PROJECT_DIR$/app/src/main/res/values/strings.xml</file>
    <line>16</line>
    <entry_point TYPE="file" FQNAME="file://$PROJECT_DIR$/app/src/main/res/values/strings.xml" />
    <problem_class severity="WARNING" attribute_key="WARNING_ATTRIBUTES">Unused resources</problem_class>
    <hints />
    <description>&lt;html&gt;The resource &lt;code&gt;R.string.action_save_user&lt;/code&gt; appears to be unused&lt;/html&gt;</description>
  </problem>
  <problem>
    <file>file://$PROJECT_DIR$/app/src/main/res/values/strings.xml</file>
    <line>31</line>
    <entry_point TYPE="file" FQNAME="file://$PROJECT_DIR$/app/src/main/res/values/strings.xml" />
    <problem_class severity="WARNING" attribute_key="WARNING_ATTRIBUTES">Unused resources</problem_class>
    <hints />
    <description>&lt;html&gt;The resource &lt;code&gt;R.string.action_setting&lt;/code&gt; appears to be unused&lt;/html&gt;</description>
  </problem>
  <problem>
    <file>file://$PROJECT_DIR$/app/src/main/res/values/strings.xml</file>
    <line>8</line>
    <entry_point TYPE="file" FQNAME="file://$PROJECT_DIR$/app/src/main/res/values/strings.xml" />
    <problem_class severity="WARNING" attribute_key="WARNING_ATTRIBUTES">Unused resources</problem_class>
    <hints />
    <description>&lt;html&gt;The resource &lt;code&gt;R.string.action_sign_in_short&lt;/code&gt; appears to be unused&lt;/html&gt;</description>
  </problem>
  <problem>
    <file>file://$PROJECT_DIR$/app/src/main/res/values/strings.xml</file>
    <line>36</line>
    <entry_point TYPE="file" FQNAME="file://$PROJECT_DIR$/app/src/main/res/values/strings.xml" />
    <problem_class severity="WARNING" attribute_key="WARNING_ATTRIBUTES">Unused resources</problem_class>
    <hints />
    <description>&lt;html&gt;The resource &lt;code&gt;R.string.permission_rationale&lt;/code&gt; appears to be unused&lt;/html&gt;</description>
  </problem>
  <problem>
    <file>file://$PROJECT_DIR$/app/src/main/res/values/strings.xml</file>
    <line>27</line>
    <entry_point TYPE="file" FQNAME="file://$PROJECT_DIR$/app/src/main/res/values/strings.xml" />
    <problem_class severity="WARNING" attribute_key="WARNING_ATTRIBUTES">Unused resources</problem_class>
    <hints />
    <description>&lt;html&gt;The resource &lt;code&gt;R.string.prompt_budget&lt;/code&gt; appears to be unused&lt;/html&gt;</description>
  </problem>
  <problem>
    <file>file://$PROJECT_DIR$/app/src/main/res/values/strings.xml</file>
    <line>35</line>
    <entry_point TYPE="file" FQNAME="file://$PROJECT_DIR$/app/src/main/res/values/strings.xml" />
    <problem_class severity="WARNING" attribute_key="WARNING_ATTRIBUTES">Unused resources</problem_class>
    <hints />
    <description>&lt;html&gt;The resource &lt;code&gt;R.string.title_activity_login_activity2dfsdfsdf&lt;/code&gt; appears to be unused&lt;/html&gt;</description>
  </problem>
  <problem>
    <file>file://$PROJECT_DIR$/app/src/main/res/values/strings.xml</file>
    <line>17</line>
    <entry_point TYPE="file" FQNAME="file://$PROJECT_DIR$/app/src/main/res/values/strings.xml" />
    <problem_class severity="WARNING" attribute_key="WARNING_ATTRIBUTES">Unused resources</problem_class>
    <hints />
    <description>&lt;html&gt;The resource &lt;code&gt;R.string.title_activity_map&lt;/code&gt; appears to be unused&lt;/html&gt;</description>
  </problem>
  <problem>
    <file>file://$PROJECT_DIR$/app/src/main/res/values/styles.xml</file>
    <line>4</line>
    <entry_point TYPE="file" FQNAME="file://$PROJECT_DIR$/app/src/main/res/values/styles.xml" />
    <problem_class severity="WARNING" attribute_key="WARNING_ATTRIBUTES">Unused resources</problem_class>
    <hints />
    <description>&lt;html&gt;The resource &lt;code&gt;R.style.AppTheme&lt;/code&gt; appears to be unused&lt;/html&gt;</description>
  </problem>
  <problem>
    <file>file://$PROJECT_DIR$/app/src/main/res/drawable-xhdpi/ic_vpn_key_black_24dp.png</file>
    <line>1</line>
    <entry_point TYPE="file" FQNAME="file://$PROJECT_DIR$/app/src/main/res/drawable-xhdpi/ic_vpn_key_black_24dp.png" />
    <problem_class severity="WARNING" attribute_key="WARNING_ATTRIBUTES">Unused resources</problem_class>
    <hints />
    <description>&lt;html&gt;The resource &lt;code&gt;R.drawable.ic_vpn_key_black_24dp&lt;/code&gt; appears to be unused&lt;/html&gt;</description>
  </problem>
  <problem>
    <file>file://$PROJECT_DIR$/app/src/main/res/drawable-xhdpi/ic_done_white_24dp.png</file>
    <line>1</line>
    <entry_point TYPE="file" FQNAME="file://$PROJECT_DIR$/app/src/main/res/drawable-xhdpi/ic_done_white_24dp.png" />
    <problem_class severity="WARNING" attribute_key="WARNING_ATTRIBUTES">Unused resources</problem_class>
    <hints />
    <description>&lt;html&gt;The resource &lt;code&gt;R.drawable.ic_done_white_24dp&lt;/code&gt; appears to be unused&lt;/html&gt;</description>
  </problem>
  <problem>
    <file>file://$PROJECT_DIR$/app/src/main/res/drawable-xxhdpi/ic_vpn_key_black_24dp.png</file>
    <line>1</line>
    <entry_point TYPE="file" FQNAME="file://$PROJECT_DIR$/app/src/main/res/drawable-xxhdpi/ic_vpn_key_black_24dp.png" />
    <problem_class severity="WARNING" attribute_key="WARNING_ATTRIBUTES">Unused resources</problem_class>
    <hints />
    <description>&lt;html&gt;The resource &lt;code&gt;R.drawable.ic_vpn_key_black_24dp&lt;/code&gt; appears to be unused&lt;/html&gt;</description>
  </problem>
  <problem>
    <file>file://$PROJECT_DIR$/app/src/main/res/drawable-xxhdpi/ic_done_white_24dp.png</file>
    <line>1</line>
    <entry_point TYPE="file" FQNAME="file://$PROJECT_DIR$/app/src/main/res/drawable-xxhdpi/ic_done_white_24dp.png" />
    <problem_class severity="WARNING" attribute_key="WARNING_ATTRIBUTES">Unused resources</problem_class>
    <hints />
    <description>&lt;html&gt;The resource &lt;code&gt;R.drawable.ic_done_white_24dp&lt;/code&gt; appears to be unused&lt;/html&gt;</description>
  </problem>
  <problem>
    <file>file://$PROJECT_DIR$/app/src/main/res/drawable-mdpi/ic_vpn_key_black_24dp.png</file>
    <line>1</line>
    <entry_point TYPE="file" FQNAME="file://$PROJECT_DIR$/app/src/main/res/drawable-mdpi/ic_vpn_key_black_24dp.png" />
    <problem_class severity="WARNING" attribute_key="WARNING_ATTRIBUTES">Unused resources</problem_class>
    <hints />
    <description>&lt;html&gt;The resource &lt;code&gt;R.drawable.ic_vpn_key_black_24dp&lt;/code&gt; appears to be unused&lt;/html&gt;</description>
  </problem>
  <problem>
    <file>file://$PROJECT_DIR$/app/src/main/res/drawable-mdpi/ic_done_white_24dp.png</file>
    <line>1</line>
    <entry_point TYPE="file" FQNAME="file://$PROJECT_DIR$/app/src/main/res/drawable-mdpi/ic_done_white_24dp.png" />
    <problem_class severity="WARNING" attribute_key="WARNING_ATTRIBUTES">Unused resources</problem_class>
    <hints />
    <description>&lt;html&gt;The resource &lt;code&gt;R.drawable.ic_done_white_24dp&lt;/code&gt; appears to be unused&lt;/html&gt;</description>
  </problem>
  <problem>
    <file>file://$PROJECT_DIR$/app/src/main/res/drawable-xxxhdpi/ic_vpn_key_black_24dp.png</file>
    <line>1</line>
    <entry_point TYPE="file" FQNAME="file://$PROJECT_DIR$/app/src/main/res/drawable-xxxhdpi/ic_vpn_key_black_24dp.png" />
    <problem_class severity="WARNING" attribute_key="WARNING_ATTRIBUTES">Unused resources</problem_class>
    <hints />
    <description>&lt;html&gt;The resource &lt;code&gt;R.drawable.ic_vpn_key_black_24dp&lt;/code&gt; appears to be unused&lt;/html&gt;</description>
  </problem>
  <problem>
    <file>file://$PROJECT_DIR$/app/src/main/res/drawable-xxxhdpi/ic_done_white_24dp.png</file>
    <line>1</line>
    <entry_point TYPE="file" FQNAME="file://$PROJECT_DIR$/app/src/main/res/drawable-xxxhdpi/ic_done_white_24dp.png" />
    <problem_class severity="WARNING" attribute_key="WARNING_ATTRIBUTES">Unused resources</problem_class>
    <hints />
    <description>&lt;html&gt;The resource &lt;code&gt;R.drawable.ic_done_white_24dp&lt;/code&gt; appears to be unused&lt;/html&gt;</description>
  </problem>
  <problem>
    <file>file://$PROJECT_DIR$/app/src/main/res/drawable-hdpi/ic_vpn_key_black_24dp.png</file>
    <line>1</line>
    <entry_point TYPE="file" FQNAME="file://$PROJECT_DIR$/app/src/main/res/drawable-hdpi/ic_vpn_key_black_24dp.png" />
    <problem_class severity="WARNING" attribute_key="WARNING_ATTRIBUTES">Unused resources</problem_class>
    <hints />
    <description>&lt;html&gt;The resource &lt;code&gt;R.drawable.ic_vpn_key_black_24dp&lt;/code&gt; appears to be unused&lt;/html&gt;</description>
  </problem>
  <problem>
    <file>file://$PROJECT_DIR$/app/src/main/res/drawable-hdpi/ic_done_white_24dp.png</file>
    <line>1</line>
    <entry_point TYPE="file" FQNAME="file://$PROJECT_DIR$/app/src/main/res/drawable-hdpi/ic_done_white_24dp.png" />
    <problem_class severity="WARNING" attribute_key="WARNING_ATTRIBUTES">Unused resources</problem_class>
    <hints />
    <description>&lt;html&gt;The resource &lt;code&gt;R.drawable.ic_done_white_24dp&lt;/code&gt; appears to be unused&lt;/html&gt;</description>
  </problem>
</problems>

