<?xml version="1.0" encoding="UTF-8"?>
<problems>
  <problem>
    <file>file://$PROJECT_DIR$/app/src/main/res/layout/activity_main.xml</file>
    <line>50</line>
    <entry_point TYPE="file" FQNAME="file://$PROJECT_DIR$/app/src/main/res/layout/activity_main.xml" />
    <problem_class severity="WARNING" attribute_key="WARNING_ATTRIBUTES">Hardcoded text</problem_class>
    <hints />
    <description>&lt;html&gt;Hardcoded string &quot;0&quot;, should use &lt;code&gt;@string&lt;/code&gt; resource&lt;/html&gt;</description>
  </problem>
  <problem>
    <file>file://$PROJECT_DIR$/app/src/main/res/layout/activity_main.xml</file>
    <line>105</line>
    <entry_point TYPE="file" FQNAME="file://$PROJECT_DIR$/app/src/main/res/layout/activity_main.xml" />
    <problem_class severity="WARNING" attribute_key="WARNING_ATTRIBUTES">Hardcoded text</problem_class>
    <hints />
    <description>&lt;html&gt;Hardcoded string &quot;Route Distance&quot;, should use &lt;code&gt;@string&lt;/code&gt; resource&lt;/html&gt;</description>
  </problem>
  <problem>
    <file>file://$PROJECT_DIR$/app/src/main/res/layout/activity_login.xml</file>
    <line>42</line>
    <entry_point TYPE="file" FQNAME="file://$PROJECT_DIR$/app/src/main/res/layout/activity_login.xml" />
    <problem_class severity="WARNING" attribute_key="WARNING_ATTRIBUTES">Hardcoded text</problem_class>
    <hints />
    <description>&lt;html&gt;Hardcoded string &quot;Email&quot;, should use &lt;code&gt;@string&lt;/code&gt; resource&lt;/html&gt;</description>
  </problem>
  <problem>
    <file>file://$PROJECT_DIR$/app/src/main/res/layout/activity_register.xml</file>
    <line>32</line>
    <entry_point TYPE="file" FQNAME="file://$PROJECT_DIR$/app/src/main/res/layout/activity_register.xml" />
    <problem_class severity="WARNING" attribute_key="WARNING_ATTRIBUTES">Hardcoded text</problem_class>
    <hints />
    <description>&lt;html&gt;Hardcoded string &quot;Password&quot;, should use &lt;code&gt;@string&lt;/code&gt; resource&lt;/html&gt;</description>
  </problem>
  <problem>
    <file>file://$PROJECT_DIR$/app/src/main/res/layout/activity_register.xml</file>
    <line>43</line>
    <entry_point TYPE="file" FQNAME="file://$PROJECT_DIR$/app/src/main/res/layout/activity_register.xml" />
    <problem_class severity="WARNING" attribute_key="WARNING_ATTRIBUTES">Hardcoded text</problem_class>
    <hints />
    <description>&lt;html&gt;Hardcoded string &quot;First Name&quot;, should use &lt;code&gt;@string&lt;/code&gt; resource&lt;/html&gt;</description>
  </problem>
  <problem>
    <file>file://$PROJECT_DIR$/app/src/main/res/layout/activity_register.xml</file>
    <line>56</line>
    <entry_point TYPE="file" FQNAME="file://$PROJECT_DIR$/app/src/main/res/layout/activity_register.xml" />
    <problem_class severity="WARNING" attribute_key="WARNING_ATTRIBUTES">Hardcoded text</problem_class>
    <hints />
    <description>&lt;html&gt;Hardcoded string &quot;Last Name&quot;, should use &lt;code&gt;@string&lt;/code&gt; resource&lt;/html&gt;</description>
  </problem>
  <problem>
    <file>file://$PROJECT_DIR$/app/src/main/res/layout/activity_register.xml</file>
    <line>69</line>
    <entry_point TYPE="file" FQNAME="file://$PROJECT_DIR$/app/src/main/res/layout/activity_register.xml" />
    <problem_class severity="WARNING" attribute_key="WARNING_ATTRIBUTES">Hardcoded text</problem_class>
    <hints />
    <description>&lt;html&gt;Hardcoded string &quot;City&quot;, should use &lt;code&gt;@string&lt;/code&gt; resource&lt;/html&gt;</description>
  </problem>
  <problem>
    <file>file://$PROJECT_DIR$/app/src/main/res/layout/activity_register.xml</file>
    <line>82</line>
    <entry_point TYPE="file" FQNAME="file://$PROJECT_DIR$/app/src/main/res/layout/activity_register.xml" />
    <problem_class severity="WARNING" attribute_key="WARNING_ATTRIBUTES">Hardcoded text</problem_class>
    <hints />
    <description>&lt;html&gt;Hardcoded string &quot;Address&quot;, should use &lt;code&gt;@string&lt;/code&gt; resource&lt;/html&gt;</description>
  </problem>
  <problem>
    <file>file://$PROJECT_DIR$/app/src/main/res/layout/activity_register.xml</file>
    <line>93</line>
    <entry_point TYPE="file" FQNAME="file://$PROJECT_DIR$/app/src/main/res/layout/activity_register.xml" />
    <problem_class severity="WARNING" attribute_key="WARNING_ATTRIBUTES">Hardcoded text</problem_class>
    <hints />
    <description>&lt;html&gt;Hardcoded string &quot;user image&quot;, should use &lt;code&gt;@string&lt;/code&gt; resource&lt;/html&gt;</description>
  </problem>
  <problem>
    <file>file://$PROJECT_DIR$/app/src/main/res/layout/activity_user_setting.xml</file>
    <line>92</line>
    <entry_point TYPE="file" FQNAME="file://$PROJECT_DIR$/app/src/main/res/layout/activity_user_setting.xml" />
    <problem_class severity="WARNING" attribute_key="WARNING_ATTRIBUTES">Hardcoded text</problem_class>
    <hints />
    <description>&lt;html&gt;Hardcoded string &quot;user image&quot;, should use &lt;code&gt;@string&lt;/code&gt; resource&lt;/html&gt;</description>
  </problem>
</problems>

