<?xml version="1.0" encoding="UTF-8"?>
<problems>
  <problem>
    <file>file://$PROJECT_DIR$/app/src/main/res/layout/activity_main.xml</file>
    <line>48</line>
    <entry_point TYPE="file" FQNAME="file://$PROJECT_DIR$/app/src/main/res/layout/activity_main.xml" />
    <problem_class severity="WARNING" attribute_key="WARNING_ATTRIBUTES">Using left/right instead of start/end attributes</problem_class>
    <hints />
    <description>&lt;html&gt;Consider adding &lt;code&gt;android:layout_toStartOf=&quot;@id/tv_currency_sign&quot;&lt;/code&gt; to better support right-to-left layouts&lt;/html&gt;</description>
  </problem>
  <problem>
    <file>file://$PROJECT_DIR$/app/src/main/res/layout/activity_main.xml</file>
    <line>112</line>
    <entry_point TYPE="file" FQNAME="file://$PROJECT_DIR$/app/src/main/res/layout/activity_main.xml" />
    <problem_class severity="WARNING" attribute_key="WARNING_ATTRIBUTES">Using left/right instead of start/end attributes</problem_class>
    <hints />
    <description>&lt;html&gt;Consider adding &lt;code&gt;android:layout_toEndOf=&quot;@+id/prompt_route_dis&quot;&lt;/code&gt; to better support right-to-left layouts&lt;/html&gt;</description>
  </problem>
  <problem>
    <file>file://$PROJECT_DIR$/app/src/main/res/layout/activity_main.xml</file>
    <line>138</line>
    <entry_point TYPE="file" FQNAME="file://$PROJECT_DIR$/app/src/main/res/layout/activity_main.xml" />
    <problem_class severity="WARNING" attribute_key="WARNING_ATTRIBUTES">Using left/right instead of start/end attributes</problem_class>
    <hints />
    <description>&lt;html&gt;Consider adding &lt;code&gt;android:layout_alignEnd=&quot;@+id/text_route_dis&quot;&lt;/code&gt; to better support right-to-left layouts&lt;/html&gt;</description>
  </problem>
</problems>

