<?xml version="1.0" encoding="UTF-8"?>
<problems>
  <problem>
    <file>file://$PROJECT_DIR$/app/src/main/res/values/strings.xml</file>
    <line>47</line>
    <entry_point TYPE="file" FQNAME="file://$PROJECT_DIR$/app/src/main/res/values/strings.xml" />
    <problem_class severity="WARNING" attribute_key="WARNING_ATTRIBUTES">Cancel/OK dialog button capitalization</problem_class>
    <hints />
    <description>&lt;html&gt;The standard Android way to capitalize Ok is &quot;OK&quot; (tip: use &lt;code&gt;@android:string/ok&lt;/code&gt; instead)&lt;/html&gt;</description>
  </problem>
</problems>

