<?xml version="1.0" encoding="UTF-8"?>
<problems>
  <problem>
    <file>file://$PROJECT_DIR$/app/src/main/java/ron/fuelmanager/Activity/LoginActivity.java</file>
    <line>185</line>
    <module>app</module>
    <package>ron.fuelmanager.Activity</package>
    <entry_point TYPE="file" FQNAME="file://$PROJECT_DIR$/app/src/main/java/ron/fuelmanager/Activity/LoginActivity.java" />
    <problem_class severity="WARNING" attribute_key="WARNING_ATTRIBUTES">Obsolete SDK_INT Version Check</problem_class>
    <hints />
    <description>&lt;html&gt;Unnecessary; SDK_INT is always &gt;= 15&lt;/html&gt;</description>
  </problem>
  <problem>
    <file>file://$PROJECT_DIR$/app/src/main/java/ron/fuelmanager/Activity/MainActivity.java</file>
    <line>167</line>
    <module>app</module>
    <package>ron.fuelmanager.Activity</package>
    <entry_point TYPE="file" FQNAME="file://$PROJECT_DIR$/app/src/main/java/ron/fuelmanager/Activity/MainActivity.java" />
    <problem_class severity="WARNING" attribute_key="WARNING_ATTRIBUTES">Obsolete SDK_INT Version Check</problem_class>
    <hints />
    <description>&lt;html&gt;Unnecessary; SDK_INT is always &gt;= 15&lt;/html&gt;</description>
  </problem>
  <problem>
    <file>file://$PROJECT_DIR$/app/src/main/java/ron/fuelmanager/Activity/UserSettingActivity.java</file>
    <line>97</line>
    <module>app</module>
    <package>ron.fuelmanager.Activity</package>
    <entry_point TYPE="file" FQNAME="file://$PROJECT_DIR$/app/src/main/java/ron/fuelmanager/Activity/UserSettingActivity.java" />
    <problem_class severity="WARNING" attribute_key="WARNING_ATTRIBUTES">Obsolete SDK_INT Version Check</problem_class>
    <hints />
    <description>&lt;html&gt;Unnecessary; SDK_INT is always &gt;= 15&lt;/html&gt;</description>
  </problem>
</problems>

