<?xml version="1.0" encoding="UTF-8"?>
<problems>
  <problem>
    <file>file://$PROJECT_DIR$/app/src/main/AndroidManifest.xml</file>
    <line>9</line>
    <entry_point TYPE="file" FQNAME="file://$PROJECT_DIR$/app/src/main/AndroidManifest.xml" />
    <problem_class severity="WARNING" attribute_key="WARNING_ATTRIBUTES">Missing support for Firebase App Indexing</problem_class>
    <hints />
    <description>&lt;html&gt;App is not indexable by Google Search; consider adding at least one Activity with an ACTION-VIEW intent filter. See issue explanation for more details.&lt;/html&gt;</description>
  </problem>
</problems>

