<?xml version="1.0" encoding="UTF-8"?>
<problems>
  <problem>
    <file>file://$PROJECT_DIR$/app/src/main/AndroidManifest.xml</file>
    <line>9</line>
    <entry_point TYPE="file" FQNAME="file://$PROJECT_DIR$/app/src/main/AndroidManifest.xml" />
    <problem_class severity="WARNING" attribute_key="WARNING_ATTRIBUTES">AllowBackup/FullBackupContent Problems</problem_class>
    <hints />
    <description>&lt;html&gt;On SDK version 23 and up, your app data will be automatically backed up, and restored on app install. Your GCM regid will not work across restores, so you must ensure that it is excluded from the back-up set. Use the attribute &lt;code&gt;android:fullBackupContent&lt;/code&gt; to specify an &lt;code&gt;@xml&lt;/code&gt; resource which configures which files to backup. More info: &lt;a href=&quot;https://developer.android.com/training/backup/autosyncapi.html&quot;&gt;https://developer.android.com/training/backup/autosyncapi.html&lt;/a&gt;&lt;/html&gt;</description>
  </problem>
</problems>

