<?xml version="1.0" encoding="UTF-8"?>
<problems>
  <problem>
    <file>file://$PROJECT_DIR$/app/src/main/java/ron/fuelmanager/Activity/MainActivity.java</file>
    <line>120</line>
    <module>app</module>
    <package>ron.fuelmanager.Activity</package>
    <entry_point TYPE="file" FQNAME="file://$PROJECT_DIR$/app/src/main/java/ron/fuelmanager/Activity/MainActivity.java" />
    <problem_class severity="WARNING" attribute_key="WARNING_ATTRIBUTES">TextView Internationalization</problem_class>
    <hints />
    <description>&lt;html&gt;Do not concatenate text displayed with &lt;code&gt;setText&lt;/code&gt;. Use resource string with placeholders.&lt;/html&gt;</description>
  </problem>
  <problem>
    <file>file://$PROJECT_DIR$/app/src/main/java/ron/fuelmanager/Activity/MainActivity.java</file>
    <line>363</line>
    <module>app</module>
    <package>ron.fuelmanager.Activity</package>
    <entry_point TYPE="file" FQNAME="file://$PROJECT_DIR$/app/src/main/java/ron/fuelmanager/Activity/MainActivity.java" />
    <problem_class severity="WARNING" attribute_key="WARNING_ATTRIBUTES">TextView Internationalization</problem_class>
    <hints />
    <description>&lt;html&gt;Do not concatenate text displayed with &lt;code&gt;setText&lt;/code&gt;. Use resource string with placeholders.&lt;/html&gt;</description>
  </problem>
  <problem>
    <file>file://$PROJECT_DIR$/app/src/main/java/ron/fuelmanager/Activity/MainActivity.java</file>
    <line>372</line>
    <module>app</module>
    <package>ron.fuelmanager.Activity</package>
    <entry_point TYPE="file" FQNAME="file://$PROJECT_DIR$/app/src/main/java/ron/fuelmanager/Activity/MainActivity.java" />
    <problem_class severity="WARNING" attribute_key="WARNING_ATTRIBUTES">TextView Internationalization</problem_class>
    <hints />
    <description>&lt;html&gt;Do not concatenate text displayed with &lt;code&gt;setText&lt;/code&gt;. Use resource string with placeholders.&lt;/html&gt;</description>
  </problem>
</problems>

