<?xml version="1.0" encoding="UTF-8"?>
<problems>
  <problem>
    <file>file://$PROJECT_DIR$/app/src/main/java/ron/fuelmanager/DirectionsApi/Route.java</file>
    <line>15</line>
    <module>app</module>
    <package>ron.fuelmanager.DirectionsApi</package>
    <entry_point TYPE="field" FQNAME="ron.fuelmanager.DirectionsApi.Route distance" />
    <problem_class severity="WARNING" attribute_key="WARNING_ATTRIBUTES">Declaration can have final modifier</problem_class>
    <hints />
    <description>Declaration can have final modifier</description>
  </problem>
  <problem>
    <file>file://$PROJECT_DIR$/app/src/main/java/ron/fuelmanager/DirectionsApi/Route.java</file>
    <line>14</line>
    <module>app</module>
    <package>ron.fuelmanager.DirectionsApi</package>
    <entry_point TYPE="field" FQNAME="ron.fuelmanager.DirectionsApi.Route route" />
    <problem_class severity="WARNING" attribute_key="WARNING_ATTRIBUTES">Declaration can have final modifier</problem_class>
    <hints />
    <description>Declaration can have final modifier</description>
  </problem>
</problems>

