<?xml version="1.0" encoding="UTF-8"?>
<problems>
  <problem>
    <file>file://$PROJECT_DIR$/app/src/main/AndroidManifest.xml</file>
    <line>29</line>
    <entry_point TYPE="file" FQNAME="file://$PROJECT_DIR$/app/src/main/AndroidManifest.xml" />
    <problem_class severity="WARNING" attribute_key="WARNING_ATTRIBUTES">XML tag empty body</problem_class>
    <description>XML tag has empty body</description>
  </problem>
  <problem>
    <file>file://$PROJECT_DIR$/app/src/main/AndroidManifest.xml</file>
    <line>30</line>
    <entry_point TYPE="file" FQNAME="file://$PROJECT_DIR$/app/src/main/AndroidManifest.xml" />
    <problem_class severity="WARNING" attribute_key="WARNING_ATTRIBUTES">XML tag empty body</problem_class>
    <description>XML tag has empty body</description>
  </problem>
  <problem>
    <file>file://$PROJECT_DIR$/app/src/main/res/values/lint.xml</file>
    <line>3</line>
    <entry_point TYPE="file" FQNAME="file://$PROJECT_DIR$/app/src/main/res/values/lint.xml" />
    <problem_class severity="WARNING" attribute_key="WARNING_ATTRIBUTES">XML tag empty body</problem_class>
    <description>XML tag has empty body</description>
  </problem>
  <problem>
    <file>file://$PROJECT_DIR$/app/src/main/res/values/lint.xml</file>
    <line>4</line>
    <entry_point TYPE="file" FQNAME="file://$PROJECT_DIR$/app/src/main/res/values/lint.xml" />
    <problem_class severity="WARNING" attribute_key="WARNING_ATTRIBUTES">XML tag empty body</problem_class>
    <description>XML tag has empty body</description>
  </problem>
</problems>

