<?xml version="1.0" encoding="UTF-8"?>
<problems>
  <problem>
    <file>file://$PROJECT_DIR$/app/src/main/java/ron/fuelmanager/Activity/RegisterActivity.java</file>
    <line>162</line>
    <module>app</module>
    <package>ron.fuelmanager.Activity</package>
    <entry_point TYPE="method" FQNAME="ron.fuelmanager.Activity.RegisterActivity void onActivityResult(int requestCode, int resultCode, android.content.Intent data)" />
    <problem_class severity="WARNING" attribute_key="WARNING_ATTRIBUTES">Constant conditions &amp; exceptions</problem_class>
    <description>Method invocation &lt;code&gt;get&lt;/code&gt; may produce &lt;code&gt;java.lang.NullPointerException&lt;/code&gt;</description>
  </problem>
  <problem>
    <file>file://$PROJECT_DIR$/app/src/main/java/ron/fuelmanager/Activity/RegisterActivity.java</file>
    <line>153</line>
    <module>app</module>
    <package>ron.fuelmanager.Activity</package>
    <entry_point TYPE="method" FQNAME="ron.fuelmanager.Activity.RegisterActivity void onActivityResult(int requestCode, int resultCode, android.content.Intent data)" />
    <problem_class severity="WARNING" attribute_key="WARNING_ATTRIBUTES">Constant conditions &amp; exceptions</problem_class>
    <description>Argument &lt;code&gt;selectedImage&lt;/code&gt; might be null</description>
  </problem>
  <problem>
    <file>file://$PROJECT_DIR$/app/src/main/java/ron/fuelmanager/Activity/MainActivity.java</file>
    <line>293</line>
    <module>app</module>
    <package>ron.fuelmanager.Activity</package>
    <entry_point TYPE="method" FQNAME="ron.fuelmanager.Activity.MainActivity$9$2$1 void onDataChange(com.google.firebase.database.DataSnapshot dataSnapshot)" />
    <problem_class severity="WARNING" attribute_key="WARNING_ATTRIBUTES">Constant conditions &amp; exceptions</problem_class>
    <description>Method invocation &lt;code&gt;toString&lt;/code&gt; may produce &lt;code&gt;java.lang.NullPointerException&lt;/code&gt;</description>
  </problem>
  <problem>
    <file>file://$PROJECT_DIR$/app/src/main/java/ron/fuelmanager/Activity/MainActivity.java</file>
    <line>294</line>
    <module>app</module>
    <package>ron.fuelmanager.Activity</package>
    <entry_point TYPE="method" FQNAME="ron.fuelmanager.Activity.MainActivity$9$2$1 void onDataChange(com.google.firebase.database.DataSnapshot dataSnapshot)" />
    <problem_class severity="WARNING" attribute_key="WARNING_ATTRIBUTES">Constant conditions &amp; exceptions</problem_class>
    <description>Method invocation &lt;code&gt;toString&lt;/code&gt; may produce &lt;code&gt;java.lang.NullPointerException&lt;/code&gt;</description>
  </problem>
  <problem>
    <file>file://$PROJECT_DIR$/app/src/main/java/ron/fuelmanager/Activity/MainActivity.java</file>
    <line>294</line>
    <module>app</module>
    <package>ron.fuelmanager.Activity</package>
    <entry_point TYPE="method" FQNAME="ron.fuelmanager.Activity.MainActivity$9$2$1 void onDataChange(com.google.firebase.database.DataSnapshot dataSnapshot)" />
    <problem_class severity="WARNING" attribute_key="WARNING_ATTRIBUTES">Constant conditions &amp; exceptions</problem_class>
    <description>Method invocation &lt;code&gt;toString&lt;/code&gt; may produce &lt;code&gt;java.lang.NullPointerException&lt;/code&gt;</description>
  </problem>
  <problem>
    <file>file://$PROJECT_DIR$/app/src/main/java/ron/fuelmanager/Activity/MainActivity.java</file>
    <line>355</line>
    <module>app</module>
    <package>ron.fuelmanager.Activity</package>
    <entry_point TYPE="method" FQNAME="ron.fuelmanager.Activity.MainActivity void onActivityResult(int requestCode, int resultCode, android.content.Intent data)" />
    <problem_class severity="WARNING" attribute_key="WARNING_ATTRIBUTES">Constant conditions &amp; exceptions</problem_class>
    <description>Method invocation &lt;code&gt;getDouble&lt;/code&gt; may produce &lt;code&gt;java.lang.NullPointerException&lt;/code&gt;</description>
  </problem>
  <problem>
    <file>file://$PROJECT_DIR$/app/src/main/java/ron/fuelmanager/Activity/MainActivity.java</file>
    <line>119</line>
    <module>app</module>
    <package>ron.fuelmanager.Activity</package>
    <entry_point TYPE="method" FQNAME="ron.fuelmanager.Activity.MainActivity$1 void onDataChange(com.google.firebase.database.DataSnapshot dataSnapshot)" />
    <problem_class severity="WARNING" attribute_key="WARNING_ATTRIBUTES">Constant conditions &amp; exceptions</problem_class>
    <description>Unboxing of &lt;code&gt;dataSnapshot.getValue(Double.class)&lt;/code&gt; may produce &lt;code&gt;java.lang.NullPointerException&lt;/code&gt;</description>
  </problem>
  <problem>
    <file>file://$PROJECT_DIR$/app/src/main/java/ron/fuelmanager/Activity/UserSettingActivity.java</file>
    <line>146</line>
    <module>app</module>
    <package>ron.fuelmanager.Activity</package>
    <entry_point TYPE="method" FQNAME="ron.fuelmanager.Activity.UserSettingActivity void downloadImage()" />
    <problem_class severity="WARNING" attribute_key="WARNING_ATTRIBUTES">Constant conditions &amp; exceptions</problem_class>
    <description>Method invocation &lt;code&gt;getUid&lt;/code&gt; may produce &lt;code&gt;java.lang.NullPointerException&lt;/code&gt;</description>
  </problem>
  <problem>
    <file>file://$PROJECT_DIR$/app/src/main/java/ron/fuelmanager/Activity/UserSettingActivity.java</file>
    <line>228</line>
    <module>app</module>
    <package>ron.fuelmanager.Activity</package>
    <entry_point TYPE="method" FQNAME="ron.fuelmanager.Activity.UserSettingActivity void onActivityResult(int requestCode, int resultCode, android.content.Intent data)" />
    <problem_class severity="WARNING" attribute_key="WARNING_ATTRIBUTES">Constant conditions &amp; exceptions</problem_class>
    <description>Method invocation &lt;code&gt;get&lt;/code&gt; may produce &lt;code&gt;java.lang.NullPointerException&lt;/code&gt;</description>
  </problem>
  <problem>
    <file>file://$PROJECT_DIR$/app/src/main/java/ron/fuelmanager/Activity/UserSettingActivity.java</file>
    <line>220</line>
    <module>app</module>
    <package>ron.fuelmanager.Activity</package>
    <entry_point TYPE="method" FQNAME="ron.fuelmanager.Activity.UserSettingActivity void onActivityResult(int requestCode, int resultCode, android.content.Intent data)" />
    <problem_class severity="WARNING" attribute_key="WARNING_ATTRIBUTES">Constant conditions &amp; exceptions</problem_class>
    <description>Argument &lt;code&gt;selectedImage&lt;/code&gt; might be null</description>
  </problem>
  <problem>
    <file>file://$PROJECT_DIR$/app/src/main/java/ron/fuelmanager/Activity/UserSettingActivity.java</file>
    <line>129</line>
    <module>app</module>
    <package>ron.fuelmanager.Activity</package>
    <entry_point TYPE="method" FQNAME="ron.fuelmanager.Activity.UserSettingActivity void downloadData()" />
    <problem_class severity="WARNING" attribute_key="WARNING_ATTRIBUTES">Constant conditions &amp; exceptions</problem_class>
    <description>Method invocation &lt;code&gt;getEmail&lt;/code&gt; may produce &lt;code&gt;java.lang.NullPointerException&lt;/code&gt;</description>
  </problem>
  <problem>
    <file>file://$PROJECT_DIR$/app/src/main/java/ron/fuelmanager/Activity/UserSettingActivity.java</file>
    <line>166</line>
    <module>app</module>
    <package>ron.fuelmanager.Activity</package>
    <entry_point TYPE="method" FQNAME="ron.fuelmanager.Activity.UserSettingActivity void onClick(android.view.View view)" />
    <problem_class severity="WARNING" attribute_key="WARNING_ATTRIBUTES">Constant conditions &amp; exceptions</problem_class>
    <description>Method invocation &lt;code&gt;getUid&lt;/code&gt; may produce &lt;code&gt;java.lang.NullPointerException&lt;/code&gt;</description>
  </problem>
  <problem>
    <file>file://$PROJECT_DIR$/app/src/main/java/ron/fuelmanager/Activity/UserSettingActivity.java</file>
    <line>133</line>
    <module>app</module>
    <package>ron.fuelmanager.Activity</package>
    <entry_point TYPE="method" FQNAME="ron.fuelmanager.Activity.UserSettingActivity$3 void onDataChange(com.google.firebase.database.DataSnapshot dataSnapshot)" />
    <problem_class severity="WARNING" attribute_key="WARNING_ATTRIBUTES">Constant conditions &amp; exceptions</problem_class>
    <description>Method invocation &lt;code&gt;getFirstName&lt;/code&gt; may produce &lt;code&gt;java.lang.NullPointerException&lt;/code&gt;</description>
  </problem>
  <problem>
    <file>file://$PROJECT_DIR$/app/src/main/java/ron/fuelmanager/DirectionsApi/Json/DownloadUrlTask.java</file>
    <line>52</line>
    <module>app</module>
    <package>ron.fuelmanager.DirectionsApi.Json</package>
    <entry_point TYPE="method" FQNAME="ron.fuelmanager.DirectionsApi.Json.DownloadUrlTask java.lang.String downloadUrlAsString(java.lang.String strUrl)" />
    <problem_class severity="WARNING" attribute_key="WARNING_ATTRIBUTES">Constant conditions &amp; exceptions</problem_class>
    <description>Method invocation &lt;code&gt;close&lt;/code&gt; may produce &lt;code&gt;java.lang.NullPointerException&lt;/code&gt;</description>
  </problem>
  <problem>
    <file>file://$PROJECT_DIR$/app/src/main/java/ron/fuelmanager/DirectionsApi/Json/DownloadUrlTask.java</file>
    <line>53</line>
    <module>app</module>
    <package>ron.fuelmanager.DirectionsApi.Json</package>
    <entry_point TYPE="method" FQNAME="ron.fuelmanager.DirectionsApi.Json.DownloadUrlTask java.lang.String downloadUrlAsString(java.lang.String strUrl)" />
    <problem_class severity="WARNING" attribute_key="WARNING_ATTRIBUTES">Constant conditions &amp; exceptions</problem_class>
    <description>Method invocation &lt;code&gt;disconnect&lt;/code&gt; may produce &lt;code&gt;java.lang.NullPointerException&lt;/code&gt;</description>
  </problem>
</problems>

