<?xml version="1.0" encoding="UTF-8"?>
<problems>
  <problem>
    <file>file://$PROJECT_DIR$/app/src/main/java/ron/fuelmanager/DirectionsApi/DirectionsApi.java</file>
    <line>33</line>
    <module>app</module>
    <package>ron.fuelmanager.DirectionsApi</package>
    <entry_point TYPE="method" FQNAME="ron.fuelmanager.DirectionsApi.DirectionsApi java.util.List&lt;java.util.List&lt;java.util.HashMap&lt;java.lang.String,java.lang.String&gt;&gt;&gt; parse(org.json.JSONObject jObject)" />
    <problem_class severity="WARNING" attribute_key="WARNING_ATTRIBUTES">Dangling Javadoc comment</problem_class>
    <description>Dangling Javadoc comment #loc</description>
  </problem>
  <problem>
    <file>file://$PROJECT_DIR$/app/src/main/java/ron/fuelmanager/DirectionsApi/DirectionsApi.java</file>
    <line>38</line>
    <module>app</module>
    <package>ron.fuelmanager.DirectionsApi</package>
    <entry_point TYPE="method" FQNAME="ron.fuelmanager.DirectionsApi.DirectionsApi java.util.List&lt;java.util.List&lt;java.util.HashMap&lt;java.lang.String,java.lang.String&gt;&gt;&gt; parse(org.json.JSONObject jObject)" />
    <problem_class severity="WARNING" attribute_key="WARNING_ATTRIBUTES">Dangling Javadoc comment</problem_class>
    <description>Dangling Javadoc comment #loc</description>
  </problem>
  <problem>
    <file>file://$PROJECT_DIR$/app/src/main/java/ron/fuelmanager/DirectionsApi/DirectionsApi.java</file>
    <line>42</line>
    <module>app</module>
    <package>ron.fuelmanager.DirectionsApi</package>
    <entry_point TYPE="method" FQNAME="ron.fuelmanager.DirectionsApi.DirectionsApi java.util.List&lt;java.util.List&lt;java.util.HashMap&lt;java.lang.String,java.lang.String&gt;&gt;&gt; parse(org.json.JSONObject jObject)" />
    <problem_class severity="WARNING" attribute_key="WARNING_ATTRIBUTES">Dangling Javadoc comment</problem_class>
    <description>Dangling Javadoc comment #loc</description>
  </problem>
  <problem>
    <file>file://$PROJECT_DIR$/app/src/main/java/ron/fuelmanager/DirectionsApi/DirectionsApi.java</file>
    <line>48</line>
    <module>app</module>
    <package>ron.fuelmanager.DirectionsApi</package>
    <entry_point TYPE="method" FQNAME="ron.fuelmanager.DirectionsApi.DirectionsApi java.util.List&lt;java.util.List&lt;java.util.HashMap&lt;java.lang.String,java.lang.String&gt;&gt;&gt; parse(org.json.JSONObject jObject)" />
    <problem_class severity="WARNING" attribute_key="WARNING_ATTRIBUTES">Dangling Javadoc comment</problem_class>
    <description>Dangling Javadoc comment #loc</description>
  </problem>
</problems>

