<?xml version="1.0" encoding="UTF-8"?>
<problems>
  <problem>
    <file>file://$PROJECT_DIR$/app/src/main/java/ron/fuelmanager/DirectionsApi/DirectionsApi.java</file>
    <line>62</line>
    <module>app</module>
    <package>ron.fuelmanager.DirectionsApi</package>
    <entry_point TYPE="method" FQNAME="ron.fuelmanager.DirectionsApi.DirectionsApi java.util.List&lt;java.util.List&lt;java.util.HashMap&lt;java.lang.String,java.lang.String&gt;&gt;&gt; parse(org.json.JSONObject jObject)" />
    <problem_class severity="WARNING" attribute_key="WARNING_ATTRIBUTES">Empty 'catch' block</problem_class>
    <description>Empty &lt;code&gt;catch&lt;/code&gt; block #loc</description>
  </problem>
</problems>

