<?xml version="1.0" encoding="UTF-8"?>
<problems>
  <problem>
    <file>file://$PROJECT_DIR$/app/src/main/java/ron/fuelmanager/Activity/MainActivity.java</file>
    <line>130</line>
    <module>app</module>
    <package>ron.fuelmanager.Activity</package>
    <entry_point TYPE="method" FQNAME="ron.fuelmanager.Activity.MainActivity$2 void onDataChange(com.google.firebase.database.DataSnapshot dataSnapshot)" />
    <problem_class severity="WARNING" attribute_key="WARNING_ATTRIBUTES">Statement with empty body</problem_class>
    <description>&lt;code&gt;if&lt;/code&gt; statement has empty body #loc</description>
  </problem>
</problems>

