<?xml version="1.0" encoding="UTF-8"?>
<problems>
  <problem>
    <file>file://$PROJECT_DIR$/app/src/main/java/ron/fuelmanager/Activity/LoginActivity.java</file>
    <line>45</line>
    <module>app</module>
    <package>ron.fuelmanager.Activity</package>
    <entry_point TYPE="field" FQNAME="ron.fuelmanager.Activity.LoginActivity mDatabase" />
    <problem_class severity="WARNING" attribute_key="WARNING_ATTRIBUTES">Field can be local</problem_class>
    <description>Field can be converted to a local variable</description>
  </problem>
  <problem>
    <file>file://$PROJECT_DIR$/app/src/main/java/ron/fuelmanager/Activity/LoginActivity.java</file>
    <line>46</line>
    <module>app</module>
    <package>ron.fuelmanager.Activity</package>
    <entry_point TYPE="field" FQNAME="ron.fuelmanager.Activity.LoginActivity mFirebaseAnalytics" />
    <problem_class severity="WARNING" attribute_key="WARNING_ATTRIBUTES">Field can be local</problem_class>
    <description>Field can be converted to a local variable</description>
  </problem>
  <problem>
    <file>file://$PROJECT_DIR$/app/src/main/java/ron/fuelmanager/Activity/RegisterActivity.java</file>
    <line>49</line>
    <module>app</module>
    <package>ron.fuelmanager.Activity</package>
    <entry_point TYPE="field" FQNAME="ron.fuelmanager.Activity.RegisterActivity mStorage" />
    <problem_class severity="WARNING" attribute_key="WARNING_ATTRIBUTES">Field can be local</problem_class>
    <description>Field can be converted to a local variable</description>
  </problem>
  <problem>
    <file>file://$PROJECT_DIR$/app/src/main/java/ron/fuelmanager/Activity/RegisterActivity.java</file>
    <line>56</line>
    <module>app</module>
    <package>ron.fuelmanager.Activity</package>
    <entry_point TYPE="field" FQNAME="ron.fuelmanager.Activity.RegisterActivity btnRegister" />
    <problem_class severity="WARNING" attribute_key="WARNING_ATTRIBUTES">Field can be local</problem_class>
    <description>Field can be converted to a local variable</description>
  </problem>
  <problem>
    <file>file://$PROJECT_DIR$/app/src/main/java/ron/fuelmanager/Activity/MainActivity.java</file>
    <line>66</line>
    <module>app</module>
    <package>ron.fuelmanager.Activity</package>
    <entry_point TYPE="field" FQNAME="ron.fuelmanager.Activity.MainActivity view_budget" />
    <problem_class severity="WARNING" attribute_key="WARNING_ATTRIBUTES">Field can be local</problem_class>
    <description>Field can be converted to a local variable</description>
  </problem>
  <problem>
    <file>file://$PROJECT_DIR$/app/src/main/java/ron/fuelmanager/Activity/MainActivity.java</file>
    <line>68</line>
    <module>app</module>
    <package>ron.fuelmanager.Activity</package>
    <entry_point TYPE="field" FQNAME="ron.fuelmanager.Activity.MainActivity view_pick_route" />
    <problem_class severity="WARNING" attribute_key="WARNING_ATTRIBUTES">Field can be local</problem_class>
    <description>Field can be converted to a local variable</description>
  </problem>
  <problem>
    <file>file://$PROJECT_DIR$/app/src/main/java/ron/fuelmanager/Activity/MainActivity.java</file>
    <line>72</line>
    <module>app</module>
    <package>ron.fuelmanager.Activity</package>
    <entry_point TYPE="field" FQNAME="ron.fuelmanager.Activity.MainActivity btn_ok" />
    <problem_class severity="WARNING" attribute_key="WARNING_ATTRIBUTES">Field can be local</problem_class>
    <description>Field can be converted to a local variable</description>
  </problem>
  <problem>
    <file>file://$PROJECT_DIR$/app/src/main/java/ron/fuelmanager/Activity/MainActivity.java</file>
    <line>72</line>
    <module>app</module>
    <package>ron.fuelmanager.Activity</package>
    <entry_point TYPE="field" FQNAME="ron.fuelmanager.Activity.MainActivity btn_cancel" />
    <problem_class severity="WARNING" attribute_key="WARNING_ATTRIBUTES">Field can be local</problem_class>
    <description>Field can be converted to a local variable</description>
  </problem>
  <problem>
    <file>file://$PROJECT_DIR$/app/src/main/java/ron/fuelmanager/Activity/UserSettingActivity.java</file>
    <line>64</line>
    <module>app</module>
    <package>ron.fuelmanager.Activity</package>
    <entry_point TYPE="field" FQNAME="ron.fuelmanager.Activity.UserSettingActivity btnSave" />
    <problem_class severity="WARNING" attribute_key="WARNING_ATTRIBUTES">Field can be local</problem_class>
    <description>Field can be converted to a local variable</description>
  </problem>
</problems>

