<?xml version="1.0" encoding="UTF-8"?>
<problems>
  <problem>
    <file>file://$PROJECT_DIR$/app/src/main/res/layout/activity_main.xml</file>
    <line>8</line>
    <entry_point TYPE="file" FQNAME="file://$PROJECT_DIR$/app/src/main/res/layout/activity_main.xml" />
    <problem_class severity="TYPO" attribute_key="TYPO">Typo</problem_class>
    <description>Typo: In word 'fuelmanager'</description>
  </problem>
  <problem>
    <file>file://$PROJECT_DIR$/app/src/main/AndroidManifest.xml</file>
    <line>2</line>
    <entry_point TYPE="file" FQNAME="file://$PROJECT_DIR$/app/src/main/AndroidManifest.xml" />
    <problem_class severity="TYPO" attribute_key="TYPO">Typo</problem_class>
    <description>Typo: In word 'fuelmanager'</description>
  </problem>
  <problem>
    <file>file://$PROJECT_DIR$/app/src/main/AndroidManifest.xml</file>
    <line>20</line>
    <entry_point TYPE="file" FQNAME="file://$PROJECT_DIR$/app/src/main/AndroidManifest.xml" />
    <problem_class severity="TYPO" attribute_key="TYPO">Typo</problem_class>
    <description>Typo: In word 'fuelmanager'</description>
  </problem>
  <problem>
    <file>file://$PROJECT_DIR$/app/src/main/AndroidManifest.xml</file>
    <line>27</line>
    <entry_point TYPE="file" FQNAME="file://$PROJECT_DIR$/app/src/main/AndroidManifest.xml" />
    <problem_class severity="TYPO" attribute_key="TYPO">Typo</problem_class>
    <description>Typo: In word 'fuelmanager'</description>
  </problem>
  <problem>
    <file>file://$PROJECT_DIR$/app/src/main/AndroidManifest.xml</file>
    <line>33</line>
    <entry_point TYPE="file" FQNAME="file://$PROJECT_DIR$/app/src/main/AndroidManifest.xml" />
    <problem_class severity="TYPO" attribute_key="TYPO">Typo</problem_class>
    <description>Typo: In word 'fuelmanager'</description>
  </problem>
  <problem>
    <file>file://$PROJECT_DIR$/app/src/main/AndroidManifest.xml</file>
    <line>34</line>
    <entry_point TYPE="file" FQNAME="file://$PROJECT_DIR$/app/src/main/AndroidManifest.xml" />
    <problem_class severity="TYPO" attribute_key="TYPO">Typo</problem_class>
    <description>Typo: In word 'fuelmanager'</description>
  </problem>
  <problem>
    <file>file://$PROJECT_DIR$/app/src/main/AndroidManifest.xml</file>
    <line>35</line>
    <entry_point TYPE="file" FQNAME="file://$PROJECT_DIR$/app/src/main/AndroidManifest.xml" />
    <problem_class severity="TYPO" attribute_key="TYPO">Typo</problem_class>
    <description>Typo: In word 'fuelmanager'</description>
  </problem>
  <problem>
    <file>file://$PROJECT_DIR$/app/src/main/AndroidManifest.xml</file>
    <line>36</line>
    <entry_point TYPE="file" FQNAME="file://$PROJECT_DIR$/app/src/main/AndroidManifest.xml" />
    <problem_class severity="TYPO" attribute_key="TYPO">Typo</problem_class>
    <description>Typo: In word 'fuelmanager'</description>
  </problem>
  <problem>
    <file>file://$PROJECT_DIR$/app/src/main/res/layout/activity_login.xml</file>
    <line>11</line>
    <entry_point TYPE="file" FQNAME="file://$PROJECT_DIR$/app/src/main/res/layout/activity_login.xml" />
    <problem_class severity="TYPO" attribute_key="TYPO">Typo</problem_class>
    <description>Typo: In word 'fuelmanager'</description>
  </problem>
  <problem>
    <file>file://$PROJECT_DIR$/app/src/main/res/values/strings.xml</file>
    <line>35</line>
    <entry_point TYPE="file" FQNAME="file://$PROJECT_DIR$/app/src/main/res/values/strings.xml" />
    <problem_class severity="TYPO" attribute_key="TYPO">Typo</problem_class>
    <description>Typo: In word 'dfsdfsdf'</description>
  </problem>
  <problem>
    <file>file://$PROJECT_DIR$/app/src/debug/res/values/google_maps_api.xml</file>
    <line>5</line>
    <entry_point TYPE="file" FQNAME="file://$PROJECT_DIR$/app/src/debug/res/values/google_maps_api.xml" />
    <problem_class severity="TYPO" attribute_key="TYPO">Typo</problem_class>
    <description>Typo: In word 'apiid'</description>
  </problem>
  <problem>
    <file>file://$PROJECT_DIR$/app/src/debug/res/values/google_maps_api.xml</file>
    <line>5</line>
    <entry_point TYPE="file" FQNAME="file://$PROJECT_DIR$/app/src/debug/res/values/google_maps_api.xml" />
    <problem_class severity="TYPO" attribute_key="TYPO">Typo</problem_class>
    <description>Typo: In word 'Bfuelmanager'</description>
  </problem>
  <problem>
    <file>file://$PROJECT_DIR$/app/src/debug/res/values/google_maps_api.xml</file>
    <line>5</line>
    <entry_point TYPE="file" FQNAME="file://$PROJECT_DIR$/app/src/debug/res/values/google_maps_api.xml" />
    <problem_class severity="TYPO" attribute_key="TYPO">Typo</problem_class>
    <description>Typo: In word 'fuelmanager'</description>
  </problem>
  <problem>
    <file>file://$PROJECT_DIR$/app/src/release/res/values/google_maps_api.xml</file>
    <line>14</line>
    <entry_point TYPE="file" FQNAME="file://$PROJECT_DIR$/app/src/release/res/values/google_maps_api.xml" />
    <problem_class severity="TYPO" attribute_key="TYPO">Typo</problem_class>
    <description>Typo: In word 'signup'</description>
  </problem>
  <problem>
    <file>file://$PROJECT_DIR$/app/src/main/res/layout/activity_readme.xml</file>
    <line>13</line>
    <entry_point TYPE="file" FQNAME="file://$PROJECT_DIR$/app/src/main/res/layout/activity_readme.xml" />
    <problem_class severity="TYPO" attribute_key="TYPO">Typo</problem_class>
    <description>Typo: In word 'fuelmanager'</description>
  </problem>
  <problem>
    <file>file://$PROJECT_DIR$/app/src/main/res/layout/activity_register.xml</file>
    <line>12</line>
    <entry_point TYPE="file" FQNAME="file://$PROJECT_DIR$/app/src/main/res/layout/activity_register.xml" />
    <problem_class severity="TYPO" attribute_key="TYPO">Typo</problem_class>
    <description>Typo: In word 'fuelmanager'</description>
  </problem>
  <problem>
    <file>file://$PROJECT_DIR$/app/src/main/java/ron/fuelmanager/Activity/LoginActivity.java</file>
    <line>43</line>
    <module>app</module>
    <package>ron.fuelmanager.Activity</package>
    <entry_point TYPE="file" FQNAME="file://$PROJECT_DIR$/app/src/main/java/ron/fuelmanager/Activity/LoginActivity.java" />
    <problem_class severity="TYPO" attribute_key="TYPO">Typo</problem_class>
    <description>Typo: In word 'Firebase'</description>
  </problem>
  <problem>
    <file>file://$PROJECT_DIR$/app/src/main/java/ron/fuelmanager/Activity/LoginActivity.java</file>
    <line>46</line>
    <module>app</module>
    <package>ron.fuelmanager.Activity</package>
    <entry_point TYPE="file" FQNAME="file://$PROJECT_DIR$/app/src/main/java/ron/fuelmanager/Activity/LoginActivity.java" />
    <problem_class severity="TYPO" attribute_key="TYPO">Typo</problem_class>
    <description>Typo: In word 'Firebase'</description>
  </problem>
  <problem>
    <file>file://$PROJECT_DIR$/app/src/main/java/ron/fuelmanager/Activity/LoginActivity.java</file>
    <line>80</line>
    <module>app</module>
    <package>ron.fuelmanager.Activity</package>
    <entry_point TYPE="file" FQNAME="file://$PROJECT_DIR$/app/src/main/java/ron/fuelmanager/Activity/LoginActivity.java" />
    <problem_class severity="TYPO" attribute_key="TYPO">Typo</problem_class>
    <description>Typo: In word 'Signup'</description>
  </problem>
  <problem>
    <file>file://$PROJECT_DIR$/app/src/main/java/ron/fuelmanager/Activity/RegisterActivity.java</file>
    <line>50</line>
    <module>app</module>
    <package>ron.fuelmanager.Activity</package>
    <entry_point TYPE="file" FQNAME="file://$PROJECT_DIR$/app/src/main/java/ron/fuelmanager/Activity/RegisterActivity.java" />
    <problem_class severity="TYPO" attribute_key="TYPO">Typo</problem_class>
    <description>Typo: In word 'Firebase'</description>
  </problem>
  <problem>
    <file>file://$PROJECT_DIR$/app/src/main/java/ron/fuelmanager/Activity/MainActivity.java</file>
    <line>78</line>
    <module>app</module>
    <package>ron.fuelmanager.Activity</package>
    <entry_point TYPE="file" FQNAME="file://$PROJECT_DIR$/app/src/main/java/ron/fuelmanager/Activity/MainActivity.java" />
    <problem_class severity="TYPO" attribute_key="TYPO">Typo</problem_class>
    <description>Typo: In word 'Firebase'</description>
  </problem>
  <problem>
    <file>file://$PROJECT_DIR$/app/src/main/java/ron/fuelmanager/Activity/MapActivity.java</file>
    <line>87</line>
    <module>app</module>
    <package>ron.fuelmanager.Activity</package>
    <entry_point TYPE="file" FQNAME="file://$PROJECT_DIR$/app/src/main/java/ron/fuelmanager/Activity/MapActivity.java" />
    <problem_class severity="TYPO" attribute_key="TYPO">Typo</problem_class>
    <description>Typo: In word 'latlng'</description>
  </problem>
  <problem>
    <file>file://$PROJECT_DIR$/app/src/main/java/ron/fuelmanager/Activity/MapActivity.java</file>
    <line>87</line>
    <module>app</module>
    <package>ron.fuelmanager.Activity</package>
    <entry_point TYPE="file" FQNAME="file://$PROJECT_DIR$/app/src/main/java/ron/fuelmanager/Activity/MapActivity.java" />
    <problem_class severity="TYPO" attribute_key="TYPO">Typo</problem_class>
    <description>Typo: In word 'latlng'</description>
  </problem>
  <problem>
    <file>file://$PROJECT_DIR$/app/src/main/java/ron/fuelmanager/DirectionsApi/DirectionsApi.java</file>
    <line>16</line>
    <module>app</module>
    <package>ron.fuelmanager.DirectionsApi</package>
    <entry_point TYPE="file" FQNAME="file://$PROJECT_DIR$/app/src/main/java/ron/fuelmanager/DirectionsApi/DirectionsApi.java" />
    <problem_class severity="TYPO" attribute_key="TYPO">Typo</problem_class>
    <description>Typo: In word 'anupamchugh'</description>
  </problem>
  <problem>
    <file>file://$PROJECT_DIR$/app/src/main/java/ron/fuelmanager/DirectionsApi/DirectionsApi.java</file>
    <line>70</line>
    <module>app</module>
    <package>ron.fuelmanager.DirectionsApi</package>
    <entry_point TYPE="file" FQNAME="file://$PROJECT_DIR$/app/src/main/java/ron/fuelmanager/DirectionsApi/DirectionsApi.java" />
    <problem_class severity="TYPO" attribute_key="TYPO">Typo</problem_class>
    <description>Typo: In word 'polylines'</description>
  </problem>
  <problem>
    <file>file://$PROJECT_DIR$/app/src/main/java/ron/fuelmanager/DirectionsApi/DirectionsApi.java</file>
    <line>85</line>
    <module>app</module>
    <package>ron.fuelmanager.DirectionsApi</package>
    <entry_point TYPE="file" FQNAME="file://$PROJECT_DIR$/app/src/main/java/ron/fuelmanager/DirectionsApi/DirectionsApi.java" />
    <problem_class severity="TYPO" attribute_key="TYPO">Typo</problem_class>
    <description>Typo: In word 'dlat'</description>
  </problem>
  <problem>
    <file>file://$PROJECT_DIR$/app/src/main/java/ron/fuelmanager/DirectionsApi/DirectionsApi.java</file>
    <line>95</line>
    <module>app</module>
    <package>ron.fuelmanager.DirectionsApi</package>
    <entry_point TYPE="file" FQNAME="file://$PROJECT_DIR$/app/src/main/java/ron/fuelmanager/DirectionsApi/DirectionsApi.java" />
    <problem_class severity="TYPO" attribute_key="TYPO">Typo</problem_class>
    <description>Typo: In word 'dlng'</description>
  </problem>
  <problem>
    <file>file://$PROJECT_DIR$/app/src/main/java/ron/fuelmanager/FirebaseHelper.java</file>
    <line>24</line>
    <module>app</module>
    <package>ron.fuelmanager</package>
    <entry_point TYPE="file" FQNAME="file://$PROJECT_DIR$/app/src/main/java/ron/fuelmanager/FirebaseHelper.java" />
    <problem_class severity="TYPO" attribute_key="TYPO">Typo</problem_class>
    <description>Typo: In word 'Firebase'</description>
  </problem>
  <problem>
    <file>file://$PROJECT_DIR$/app/google-services.json</file>
    <line>4</line>
    <entry_point TYPE="file" FQNAME="file://$PROJECT_DIR$/app/google-services.json" />
    <problem_class severity="TYPO" attribute_key="TYPO">Typo</problem_class>
    <description>Typo: In word 'firebase'</description>
  </problem>
  <problem>
    <file>file://$PROJECT_DIR$/app/google-services.json</file>
    <line>4</line>
    <entry_point TYPE="file" FQNAME="file://$PROJECT_DIR$/app/google-services.json" />
    <problem_class severity="TYPO" attribute_key="TYPO">Typo</problem_class>
    <description>Typo: In word 'fuelmanager'</description>
  </problem>
  <problem>
    <file>file://$PROJECT_DIR$/app/google-services.json</file>
    <line>4</line>
    <entry_point TYPE="file" FQNAME="file://$PROJECT_DIR$/app/google-services.json" />
    <problem_class severity="TYPO" attribute_key="TYPO">Typo</problem_class>
    <description>Typo: In word 'firebaseio'</description>
  </problem>
  <problem>
    <file>file://$PROJECT_DIR$/app/google-services.json</file>
    <line>5</line>
    <entry_point TYPE="file" FQNAME="file://$PROJECT_DIR$/app/google-services.json" />
    <problem_class severity="TYPO" attribute_key="TYPO">Typo</problem_class>
    <description>Typo: In word 'fuelmanager'</description>
  </problem>
  <problem>
    <file>file://$PROJECT_DIR$/app/google-services.json</file>
    <line>6</line>
    <entry_point TYPE="file" FQNAME="file://$PROJECT_DIR$/app/google-services.json" />
    <problem_class severity="TYPO" attribute_key="TYPO">Typo</problem_class>
    <description>Typo: In word 'fuelmanager'</description>
  </problem>
  <problem>
    <file>file://$PROJECT_DIR$/app/google-services.json</file>
    <line>6</line>
    <entry_point TYPE="file" FQNAME="file://$PROJECT_DIR$/app/google-services.json" />
    <problem_class severity="TYPO" attribute_key="TYPO">Typo</problem_class>
    <description>Typo: In word 'appspot'</description>
  </problem>
  <problem>
    <file>file://$PROJECT_DIR$/app/google-services.json</file>
    <line>11</line>
    <entry_point TYPE="file" FQNAME="file://$PROJECT_DIR$/app/google-services.json" />
    <problem_class severity="TYPO" attribute_key="TYPO">Typo</problem_class>
    <description>Typo: In word 'mobilesdk'</description>
  </problem>
  <problem>
    <file>file://$PROJECT_DIR$/app/google-services.json</file>
    <line>13</line>
    <entry_point TYPE="file" FQNAME="file://$PROJECT_DIR$/app/google-services.json" />
    <problem_class severity="TYPO" attribute_key="TYPO">Typo</problem_class>
    <description>Typo: In word 'fuelmanager'</description>
  </problem>
  <problem>
    <file>file://$PROJECT_DIR$/app/google-services.json</file>
    <line>18</line>
    <entry_point TYPE="file" FQNAME="file://$PROJECT_DIR$/app/google-services.json" />
    <problem_class severity="TYPO" attribute_key="TYPO">Typo</problem_class>
    <description>Typo: In word 'ftfm'</description>
  </problem>
  <problem>
    <file>file://$PROJECT_DIR$/app/google-services.json</file>
    <line>18</line>
    <entry_point TYPE="file" FQNAME="file://$PROJECT_DIR$/app/google-services.json" />
    <problem_class severity="TYPO" attribute_key="TYPO">Typo</problem_class>
    <description>Typo: In word 'sgbk'</description>
  </problem>
  <problem>
    <file>file://$PROJECT_DIR$/app/google-services.json</file>
    <line>18</line>
    <entry_point TYPE="file" FQNAME="file://$PROJECT_DIR$/app/google-services.json" />
    <problem_class severity="TYPO" attribute_key="TYPO">Typo</problem_class>
    <description>Typo: In word 'dqaksus'</description>
  </problem>
  <problem>
    <file>file://$PROJECT_DIR$/app/google-services.json</file>
    <line>18</line>
    <entry_point TYPE="file" FQNAME="file://$PROJECT_DIR$/app/google-services.json" />
    <problem_class severity="TYPO" attribute_key="TYPO">Typo</problem_class>
    <description>Typo: In word 'googleusercontent'</description>
  </problem>
  <problem>
    <file>file://$PROJECT_DIR$/app/google-services.json</file>
    <line>24</line>
    <entry_point TYPE="file" FQNAME="file://$PROJECT_DIR$/app/google-services.json" />
    <problem_class severity="TYPO" attribute_key="TYPO">Typo</problem_class>
    <description>Typo: In word 'Cumy'</description>
  </problem>
  <problem>
    <file>file://$PROJECT_DIR$/app/google-services.json</file>
    <line>24</line>
    <entry_point TYPE="file" FQNAME="file://$PROJECT_DIR$/app/google-services.json" />
    <problem_class severity="TYPO" attribute_key="TYPO">Typo</problem_class>
    <description>Typo: In word 'Zeyez'</description>
  </problem>
  <problem>
    <file>file://$PROJECT_DIR$/app/google-services.json</file>
    <line>31</line>
    <entry_point TYPE="file" FQNAME="file://$PROJECT_DIR$/app/google-services.json" />
    <problem_class severity="TYPO" attribute_key="TYPO">Typo</problem_class>
    <description>Typo: In word 'appinvite'</description>
  </problem>
  <problem>
    <file>file://$PROJECT_DIR$/app/src/main/res/layout/activity_user_setting.xml</file>
    <line>12</line>
    <entry_point TYPE="file" FQNAME="file://$PROJECT_DIR$/app/src/main/res/layout/activity_user_setting.xml" />
    <problem_class severity="TYPO" attribute_key="TYPO">Typo</problem_class>
    <description>Typo: In word 'fuelmanager'</description>
  </problem>
</problems>

