<?xml version="1.0" encoding="UTF-8"?>
<problems>
  <problem>
    <file>file://$PROJECT_DIR$/app/src/main/java/ron/fuelmanager/Activity/MainActivity.java</file>
    <line>320</line>
    <module>app</module>
    <package>ron.fuelmanager.Activity</package>
    <entry_point TYPE="method" FQNAME="ron.fuelmanager.Activity.MainActivity$11 void onClick(android.content.DialogInterface dialogInterface, int i)" />
    <problem_class severity="WARNING" attribute_key="WARNING_ATTRIBUTES">Suspicious collections method calls</problem_class>
    <description>Suspicious call to 'HashMap.get'</description>
  </problem>
</problems>

