<?xml version="1.0" encoding="UTF-8"?>
<problems>
  <problem>
    <file>file://$PROJECT_DIR$/app/src/main/java/ron/fuelmanager/DirectionsApi/Json/DownloadUrlTask.java</file>
    <line>34</line>
    <module>app</module>
    <package>ron.fuelmanager.DirectionsApi.Json</package>
    <entry_point TYPE="method" FQNAME="ron.fuelmanager.DirectionsApi.Json.DownloadUrlTask java.lang.String downloadUrlAsString(java.lang.String strUrl)" />
    <problem_class severity="WARNING" attribute_key="WARNING_ATTRIBUTES">'try finally' replaceable with 'try' with resources</problem_class>
    <description>&lt;code&gt;try&lt;/code&gt; can use automatic resource management #loc</description>
  </problem>
</problems>

