<?xml version="1.0" encoding="UTF-8"?>
<problems>
  <problem>
    <file>file://$PROJECT_DIR$/app/src/main/java/ron/fuelmanager/Activity/LoginActivity.java</file>
    <line>151</line>
    <module>app</module>
    <package>ron.fuelmanager.Activity</package>
    <entry_point TYPE="method" FQNAME="ron.fuelmanager.Activity.LoginActivity void attemptLogin()" />
    <problem_class severity="WARNING" attribute_key="WARNING_ATTRIBUTES">Unchecked warning</problem_class>
    <description>Unchecked assignment: 'anonymous com.google.android.gms.tasks.OnCompleteListener' to 'com.google.android.gms.tasks.OnCompleteListener&lt;com.google.firebase.auth.AuthResult&gt;'</description>
  </problem>
  <problem>
    <file>file://$PROJECT_DIR$/app/src/main/java/ron/fuelmanager/Activity/MapActivity.java</file>
    <line>121</line>
    <module>app</module>
    <package>ron.fuelmanager.Activity</package>
    <entry_point TYPE="method" FQNAME="ron.fuelmanager.Activity.MapActivity void drawRoute(java.util.List&lt;java.util.List&lt;java.util.HashMap&lt;java.lang.String,java.lang.String&gt;&gt;&gt; routes)" />
    <problem_class severity="WARNING" attribute_key="WARNING_ATTRIBUTES">Unchecked warning</problem_class>
    <description>Unchecked call to 'add(E)' as a member of raw type 'java.util.ArrayList'</description>
  </problem>
  <problem>
    <file>file://$PROJECT_DIR$/app/src/main/java/ron/fuelmanager/Activity/MapActivity.java</file>
    <line>124</line>
    <module>app</module>
    <package>ron.fuelmanager.Activity</package>
    <entry_point TYPE="method" FQNAME="ron.fuelmanager.Activity.MapActivity void drawRoute(java.util.List&lt;java.util.List&lt;java.util.HashMap&lt;java.lang.String,java.lang.String&gt;&gt;&gt; routes)" />
    <problem_class severity="WARNING" attribute_key="WARNING_ATTRIBUTES">Unchecked warning</problem_class>
    <description>Unchecked assignment: 'java.util.ArrayList' to 'java.lang.Iterable&lt;com.google.android.gms.maps.model.LatLng&gt;'</description>
  </problem>
  <problem>
    <file>file://$PROJECT_DIR$/app/src/main/java/ron/fuelmanager/DirectionsApi/DirectionsApi.java</file>
    <line>53</line>
    <module>app</module>
    <package>ron.fuelmanager.DirectionsApi</package>
    <entry_point TYPE="method" FQNAME="ron.fuelmanager.DirectionsApi.DirectionsApi java.util.List&lt;java.util.List&lt;java.util.HashMap&lt;java.lang.String,java.lang.String&gt;&gt;&gt; parse(org.json.JSONObject jObject)" />
    <problem_class severity="WARNING" attribute_key="WARNING_ATTRIBUTES">Unchecked warning</problem_class>
    <description>Unchecked call to 'add(E)' as a member of raw type 'java.util.List'</description>
  </problem>
  <problem>
    <file>file://$PROJECT_DIR$/app/src/main/java/ron/fuelmanager/DirectionsApi/DirectionsApi.java</file>
    <line>56</line>
    <module>app</module>
    <package>ron.fuelmanager.DirectionsApi</package>
    <entry_point TYPE="method" FQNAME="ron.fuelmanager.DirectionsApi.DirectionsApi java.util.List&lt;java.util.List&lt;java.util.HashMap&lt;java.lang.String,java.lang.String&gt;&gt;&gt; parse(org.json.JSONObject jObject)" />
    <problem_class severity="WARNING" attribute_key="WARNING_ATTRIBUTES">Unchecked warning</problem_class>
    <description>Unchecked assignment: 'java.util.List' to 'java.util.List&lt;java.util.HashMap&lt;java.lang.String,java.lang.String&gt;&gt;'</description>
  </problem>
  <problem>
    <file>file://$PROJECT_DIR$/app/src/main/java/ron/fuelmanager/DirectionsApi/DirectionsApi.java</file>
    <line>100</line>
    <module>app</module>
    <package>ron.fuelmanager.DirectionsApi</package>
    <entry_point TYPE="method" FQNAME="ron.fuelmanager.DirectionsApi.DirectionsApi java.util.List decodePoly(java.lang.String encoded)" />
    <problem_class severity="WARNING" attribute_key="WARNING_ATTRIBUTES">Unchecked warning</problem_class>
    <description>Unchecked call to 'add(E)' as a member of raw type 'java.util.List'</description>
  </problem>
</problems>

