<?xml version="1.0" encoding="UTF-8"?>
<problems>
  <problem>
    <file>file://$PROJECT_DIR$/app/src/main/java/ron/fuelmanager/Activity/MapActivity.java</file>
    <line>102</line>
    <module>app</module>
    <package>ron.fuelmanager.Activity</package>
    <entry_point TYPE="method" FQNAME="ron.fuelmanager.Activity.MapActivity java.lang.String getDirectionsApiUrl(com.google.android.gms.maps.model.LatLng origin_latlng, com.google.android.gms.maps.model.LatLng dest_latlng)" />
    <problem_class severity="WARNING" attribute_key="WARNING_ATTRIBUTES">Redundant local variable</problem_class>
    <description>Local variable &lt;code&gt;url&lt;/code&gt; is redundant #loc</description>
  </problem>
</problems>

