<?xml version="1.0" encoding="UTF-8"?>
<problems>
  <problem>
    <file>file://$PROJECT_DIR$/app/src/main/java/ron/fuelmanager/Activity/LoginActivity.java</file>
    <line>29</line>
    <module>app</module>
    <package>ron.fuelmanager.Activity</package>
    <entry_point TYPE="file" FQNAME="file://$PROJECT_DIR$/app/src/main/java/ron/fuelmanager/Activity/LoginActivity.java" />
    <problem_class severity="WARNING" attribute_key="WARNING_ATTRIBUTES">Unused import</problem_class>
    <description>Unused import &lt;code&gt;import ron.fuelmanager.FirebaseHelper;&lt;/code&gt; #loc</description>
  </problem>
  <problem>
    <file>file://$PROJECT_DIR$/app/src/main/java/ron/fuelmanager/Activity/ReadmeActivity.java</file>
    <line>7</line>
    <module>app</module>
    <package>ron.fuelmanager.Activity</package>
    <entry_point TYPE="file" FQNAME="file://$PROJECT_DIR$/app/src/main/java/ron/fuelmanager/Activity/ReadmeActivity.java" />
    <problem_class severity="WARNING" attribute_key="WARNING_ATTRIBUTES">Unused import</problem_class>
    <description>Unused import &lt;code&gt;import com.google.firebase.analytics.FirebaseAnalytics;&lt;/code&gt; #loc</description>
  </problem>
  <problem>
    <file>file://$PROJECT_DIR$/app/src/main/java/ron/fuelmanager/Activity/ReadmeActivity.java</file>
    <line>3</line>
    <module>app</module>
    <package>ron.fuelmanager.Activity</package>
    <entry_point TYPE="file" FQNAME="file://$PROJECT_DIR$/app/src/main/java/ron/fuelmanager/Activity/ReadmeActivity.java" />
    <problem_class severity="WARNING" attribute_key="WARNING_ATTRIBUTES">Unused import</problem_class>
    <description>Unused import &lt;code&gt;import android.app.Activity;&lt;/code&gt; #loc</description>
  </problem>
  <problem>
    <file>file://$PROJECT_DIR$/app/src/main/java/ron/fuelmanager/DirectionsApi/DirectionsApi.java</file>
    <line>3</line>
    <module>app</module>
    <package>ron.fuelmanager.DirectionsApi</package>
    <entry_point TYPE="file" FQNAME="file://$PROJECT_DIR$/app/src/main/java/ron/fuelmanager/DirectionsApi/DirectionsApi.java" />
    <problem_class severity="WARNING" attribute_key="WARNING_ATTRIBUTES">Unused import</problem_class>
    <description>Unused import &lt;code&gt;import android.util.Log;&lt;/code&gt; #loc</description>
  </problem>
  <problem>
    <file>file://$PROJECT_DIR$/app/src/main/java/ron/fuelmanager/DirectionsApi/Route.java</file>
    <line>3</line>
    <module>app</module>
    <package>ron.fuelmanager.DirectionsApi</package>
    <entry_point TYPE="file" FQNAME="file://$PROJECT_DIR$/app/src/main/java/ron/fuelmanager/DirectionsApi/Route.java" />
    <problem_class severity="WARNING" attribute_key="WARNING_ATTRIBUTES">Unused import</problem_class>
    <description>Unused import &lt;code&gt;import android.util.Log;&lt;/code&gt; #loc</description>
  </problem>
</problems>

