<?xml version="1.0" encoding="UTF-8"?>
<problems>
  <problem>
    <file>file://$PROJECT_DIR$/app/src/release/res/values/google_maps_api.xml</file>
    <line>1</line>
    <entry_point TYPE="file" FQNAME="file://$PROJECT_DIR$/app/src/release/res/values/google_maps_api.xml" />
    <problem_class severity="WARNING" attribute_key="WARNING_ATTRIBUTES">Unbound XML namespace prefix</problem_class>
    <description>Namespace is not bound</description>
  </problem>
  <problem>
    <file>file://$PROJECT_DIR$/app/src/release/res/values/google_maps_api.xml</file>
    <line>20</line>
    <entry_point TYPE="file" FQNAME="file://$PROJECT_DIR$/app/src/release/res/values/google_maps_api.xml" />
    <problem_class severity="WARNING" attribute_key="WARNING_ATTRIBUTES">Unbound XML namespace prefix</problem_class>
    <description>Namespace is not bound</description>
  </problem>
</problems>

