<?xml version="1.0" encoding="UTF-8"?>
<problems>
  <problem>
    <file>file://$PROJECT_DIR$/app/src/main/res/layout/activity_readme.xml</file>
    <line>4</line>
    <entry_point TYPE="file" FQNAME="file://$PROJECT_DIR$/app/src/main/res/layout/activity_readme.xml" />
    <problem_class severity="WARNING" attribute_key="NOT_USED_ELEMENT_ATTRIBUTES">Unused XML schema declaration</problem_class>
    <description>Namespace declaration is never used</description>
  </problem>
  <problem>
    <file>file://$PROJECT_DIR$/app/src/main/res/layout/activity_register.xml</file>
    <line>3</line>
    <entry_point TYPE="file" FQNAME="file://$PROJECT_DIR$/app/src/main/res/layout/activity_register.xml" />
    <problem_class severity="WARNING" attribute_key="NOT_USED_ELEMENT_ATTRIBUTES">Unused XML schema declaration</problem_class>
    <description>Namespace declaration is never used</description>
  </problem>
  <problem>
    <file>file://$PROJECT_DIR$/app/src/main/res/menu/menu_main.xml</file>
    <line>2</line>
    <entry_point TYPE="file" FQNAME="file://$PROJECT_DIR$/app/src/main/res/menu/menu_main.xml" />
    <problem_class severity="WARNING" attribute_key="NOT_USED_ELEMENT_ATTRIBUTES">Unused XML schema declaration</problem_class>
    <description>Namespace declaration is never used</description>
  </problem>
</problems>

